contest,artist
495,Drew Dernavich
496,Tom Cheney
497,Zachary Kanin
498,Jack Ziegler
499,Michael Maslin
501,Liam Francis Walsh
502,Tom Toro
503,Joe Dator
504,Tom Cheney
505,Mick Stevens
506,Drew Dernavich
507,P. C. Vey
508,Paul Noth
509,Michael Crawford
510,David Borchart
511,Jack Ziegler
512,Harry Bliss
513,P. C. Vey
514,Liam Francis Walsh
515,Tom Cheney
516,Michael Crawford
517,Harry Bliss
518,P. C. Vey
519,Tom Toro
520,Corey Pandolph
521,Robert Leighton
522,Harry Bliss
523,Joe Dator
524,Zachary Kanin
525,John Klossner
526,Will McPhail
527,Harry Bliss
528,Drew Dernavich
529,David Sipress
530,Peter Kuper
531,Will McPhail
532,Danny Shanahan
533,Joe Dator
534,P. C. Vey
535,Benjamin Schwartz
536,Benjamin Schwartz
537,Mick Stevens
538,Harry Bliss
539,Frank Cotham
540,Will McPhail
541,David Borchart
542,Benjamin Schwartz
543,Peter Kuper
544,P. C. Vey
545,Paul Noth
546,Michael Maslin
547,Frank Cotham
548,Tom Cheney
549,Drew Dernavich
550,Tom Toro
551,Tom Chitty
552,Robert Leighton
553,Joe Dator
554,Mick Stevens
555,Jason Adam Katzenstein
556,P. C. Vey
557,Harry Bliss
558,Benjamin Schwartz
559,Kim Warp
560,Mick Stevens
561,Will McPhail
562,Jason Adam Katzenstein
563,Drew Dernavich
564,Joe Dator
565,P. C. Vey
566,Mick Stevens
567,Jeremy Nguyen
568,Peter Kuper
569,Drew Dernavich
570,Robert Leighton
571,Charle Hankin
572,Michael Maslin
573,P.C. Vey
574,P. C. Vey
575,Tom Cheney
